﻿<!-- -----------------------------------------------------------------------------------

Exempel på data.xml för "Ordmodulen" - ModuleObjects1.swf.

Xml-filen är uppbyggd med två olika sorters element:

<data>-elementet som fungerar som yttre "ram" för uppgiften
<item>-elementen som motsvarar ett ord/begrepp/bild

Följande attribut kan användas för <data>-elementet:

   title : Exemplets titel/rubrik
   info : Kan användas för textinformation om hur övningen går till eller liknande. 
   readyMessage : Meddelande som visas när övningen är genomförd

Följande attribut kan användas för <item>-elementet:

   picture : url till den bild som ska användas för det aktuella bildkortet
   correctTag : det ord som utgör det "riktiga svaret" på uppgiften
   target : om detta attribut sätts target="false" så visas inget bildkort, endast ett dragbart alternativ 

------------------------------------------------------------------------------------------>

<data title="Övningsrubrik" info="Information om övningen" readyMessage="Uppdraget slutfört!" >
   
   <item picture="pictures/elephant.png" correctTag="elephant" verifySpelling="false" />
   
   <item picture="pictures/chimp.png" correctTag="chimpanzee"  />
   
   <item picture="pictures/rhino.png" correctTag="rhinoceros"  />
   
   <item picture="pictures/zebras.png" correctTag="zebra" target="false" />
   
</data>
