﻿<!-- -----------------------------------------------------------------------------------

Exempel på data.xml för "Stavningsmodulen" - ModuleSpelling1.swf.

Xml-filen är uppbyggd med två olika sorters element:

<data>-elementet som fungerar som yttre "ram" för uppgiften
<item>-elementen som motsvarar ett ord/begrepp/bild

Följande attribut kan användas för <data>-elementet:

   title : Exemplets titel/rubrik
   info : Kan användas för textinformation om hur övningen går till eller liknande. 
   readyMessage : Meddelande som visas när övningen är genomförd

Följande attribut kan användas för <item>-elementet:

   picture : url till den bild som ska användas för det aktuella bildkortet
   correctTag : det/de ord som utgör "riktigt svar" på uppgiften. Flera riktiga svarsalternativ kan anges åtskilda med |-tecken.        

   displayWrongChars : Om displayWrongChars="false" så visas inte någon information alls om felaktiga bokstäver  
   useWrongCharsMask : Om useWrongCharsMask="false" så visas inte "*"-tecken för felaktig bokstav, utan den felaktiga bokstaven visas i klartext
   caseSensitive : Om caseSensitive="true" så kräver riktigt svar korrekt exakt överensstämmande med correctTag när det gäller stora/små bokstäver
    	
------------------------------------------------------------------------------------------>

<data title="Övningsrubrik" info="Information om övningen" readyMessage="Uppdraget slutfört!" >

	<item picture="pictures/elephant.png" correctTag="elephant|elelphants"  />

	<item picture="pictures/chimp.png" correctTag="chimpanzee|monkey|ape"  />

	<item picture="pictures/rhino.png" correctTag="rhinoceros" />

	<item picture="pictures/zebras.png" correctTag="zebra|zebras" useWrongCharsMask="false" />
	
</data>
